Symbol,Name,Last Price,Change %,Volume,Market Cap
A,"Agilent Technologies, Inc.",−1.54%,1.65 M,0.69,33.26 B USD
AA,Alcoa Corporation,−1.77%,3.2 M,0.49,7.34 B USD
A,AACB,0.00%,5.04 K,0.02,239.57 M USD
AACT,Ares Acquisition Corporation II,−0.09%,136.82 K,0.16,699.01 M USD
AAL,"American Airlines Group, Inc.",−4.86%,72.78 M,1.42,6.84 B USD
AAM,AA Mission Acquisition Corp.,−0.00%,1 K,0.02,457.26 M USD
AAME,Atlantic American Corporation,−0.54%,7.51 K,1.52,37.33 M USD
AAMI,Acadian Asset Management Inc.,−1.83%,201.82 K,0.84,1.12 B USD
AAOI,"Applied Optoelectronics, Inc.",−8.57%,4.97 M,1.09,868.47 M USD
AAON,"AAON, Inc.",−1.56%,1.01 M,0.95,5.94 B USD
AAP,Advance Auto Parts Inc.,−4.61%,2.13 M,1.00,2.9 B USD
AAPL,Apple Inc.,−1.38%,51.45 M,0.97,2.93 T USD
AARD,"Aardvark Therapeutics, Inc.",−2.89%,14.77 K,0.61,233.01 M USD
AB,AllianceBernstein Holding L.P.,−1.97%,205.35 K,0.94,4.36 B USD
ABAT,American Battery Technology Company,−3.65%,660.2 K,0.72,122.13 M USD
ABBV,AbbVie Inc.,−0.70%,4.97 M,0.95,337.52 B USD
ABCB,Ameris Bancorp,−2.61%,418.51 K,1.62,4.18 B USD
ABCL,AbCellera Biologics Inc.,+1.59%,7.09 M,0.95,955.15 M USD
ABEO,Abeona Therapeutics Inc.,−1.36%,373.88 K,0.42,315.13 M USD
ABG,Asbury Automotive Group Inc,−3.00%,104.8 K,0.91,4.57 B USD
ABL,"Abacus Global Management, Inc.",+3.77%,2.14 M,0.92,579.44 M USD
ABLV,Able View Global Inc.,+3.24%,3.17 K,0.27,55.07 M USD
ABM,ABM Industries Incorporated,−3.00%,660.48 K,0.77,2.8 B USD
ABNB,"Airbnb, Inc.",−2.36%,5.09 M,0.92,84.9 B USD
ABOS,"Acumen Pharmaceuticals, Inc.",−6.14%,199.31 K,0.79,64.81 M USD
ABP,"Abpro Holdings, Inc",−7.05%,2.05 M,0.30,13.07 M USD
ABSI,Absci Corporation,−2.11%,2.24 M,0.85,354.61 M USD
ABT,Abbott Laboratories,−0.61%,3.93 M,0.68,235.96 B USD
ABTS,Abits Group Inc,−3.84%,96.93 K,2.47,10.1 M USD
ABUS,Arbutus Biopharma Corporation,−1.40%,515.44 K,0.96,676.09 M USD
ABVC,"ABVC BioPharma, Inc.",−4.32%,284.84 K,0.87,30.06 M USD
ABVE,Above Food Ingredients Inc.,−5.17%,140.91 K,0.86,56.31 M USD
AC,"Associated Capital Group, Inc.",−0.48%,1.27 K,0.32,793.31 M USD
ACA,"Arcosa, Inc.",−2.14%,317.77 K,1.68,4.19 B USD
ACAD,ACADIA Pharmaceuticals Inc.,−0.14%,1.15 M,0.76,3.63 B USD
ACCO,Acco Brands Corporation,−3.76%,567.99 K,0.65,322.55 M USD
ACCS,ACCESS Newswire Inc.,−2.73%,4.59 K,0.56,45.21 M USD
ACDC,ProFrac Holding Corp.,+0.99%,445.78 K,0.45,1.47 B USD
ACEL,"Accel Entertainment, Inc.",−3.85%,234.13 K,0.91,952.21 M USD
ACET,"Adicet Bio, Inc.",−3.80%,336.37 K,0.91,62.06 M USD
ACGL,Arch Capital Group Ltd.,−1.00%,1.65 M,1.08,34.1 B USD
ACHC,"Acadia Healthcare Company, Inc.",−4.07%,1.74 M,0.84,1.96 B USD
ACHR,Archer Aviation Inc.,−14.83%,111.01 M,3.08,5.48 B USD
ACHV,"Achieve Life Sciences, Inc.",−2.11%,256.56 K,0.62,112.73 M USD
ACI,"Albertsons Companies, Inc.",−0.84%,3.69 M,0.84,12.22 B USD
ACIC,American Coastal Insurance Corporation,−2.07%,188.67 K,0.49,504.33 M USD
ACIU,AC Immune SA,−5.80%,134.24 K,1.02,192.94 M USD
ACIW,"ACI Worldwide, Inc.",−3.86%,645.65 K,1.13,4.73 B USD
ACLS,"Axcelis Technologies, Inc.",−5.57%,776.67 K,1.03,2.09 B USD
ACLX,"Arcellx, Inc.",−0.77%,514.54 K,0.97,3.64 B USD
ACM,AECOM,−0.12%,574.96 K,0.70,14.82 B USD
ACMR,"ACM Research, Inc.",−5.27%,840.25 K,0.90,1.56 B USD
ACN,Accenture plc,−2.02%,3.1 M,1.14,195.14 B USD
ACNB,ACNB Corporation,−2.03%,21.98 K,0.94,430.57 M USD
ACNT,Ascent Industries Co.,−2.27%,53.94 K,0.57,130.95 M USD
ACOG,Alpha Cognition Inc.,−2.65%,80.33 K,0.86,149.79 M USD
ACON,"Aclarion, Inc.",+0.40%,18.45 K,0.93,4.33 M USD
ACRS,"Aclaris Therapeutics, Inc.",−3.92%,471.06 K,0.65,159.17 M USD
ACRV,"Acrivon Therapeutics, Inc.",−5.51%,308.06 K,0.53,37.63 M USD
ACT,"Enact Holdings, Inc.",+0.20%,444.21 K,1.01,5.35 B USD
ACTG,Acacia Research Corporation,−3.41%,170.85 K,0.92,353.91 M USD
ACTU,"Actuate Therapeutics, Inc.",+0.46%,26.21 K,0.32,169.71 M USD
ACU,Acme,−2.95%,7.92 K,0.71,142.15 M USD
ACVA,ACV Auctions Inc.,−6.27%,1.44 M,1.07,2.63 B USD
ACXP,"Acurx Pharmaceuticals, Inc.",−7.60%,383.04 K,1.67,7.16 M USD
ADBE,Adobe Inc.,−5.32%,10.63 M,3.25,166.93 B USD
ADCT,ADC Therapeutics SA,−2.45%,830.03 K,0.90,355.06 M USD
ADD,"Color Star Technology Co., Ltd.",+0.76%,132.37 K,0.40,25.27 M USD
ADEA,Adeia Inc.,−5.79%,401.36 K,0.85,1.41 B USD
ADGM,"Adagio Medical Holdings, Inc",−7.63%,24.53 K,0.36,16.77 M USD
ADI,"Analog Devices, Inc.",−3.05%,3.35 M,0.81,111.67 B USD
ADIL,"Adial Pharmaceuticals, Inc",−21.94%,1.81 M,1.07,3.05 M USD
ADM,Archer-Daniels-Midland Company,+4.71%,7.56 M,2.45,24.98 B USD
ADMA,ADMA Biologics Inc,−3.66%,2.77 M,1.13,4.97 B USD
ADN,"Advent Technologies Holdings, Inc.",−8.16%,31.94 K,1.22,6.46 M USD
ADNT,Adient plc,−2.95%,1.55 M,0.98,1.55 B USD
ADP,"Automatic Data Processing, Inc.",−0.95%,2.02 M,1.20,124.55 B USD
ADPT,Adaptive Biotechnologies Corporation,−0.86%,979.22 K,0.76,1.57 B USD
ADSE,ADS-TEC ENERGY PLC,+4.07%,50.88 K,0.45,603.24 M USD
ADSK,"Autodesk, Inc.",−2.15%,1.13 M,0.77,62.51 B USD
ADT,ADT Inc.,−1.46%,10.06 M,0.45,6.34 B USD
ADTN,"ADTRAN Holdings, Inc.",−4.09%,949.9 K,1.24,600.24 M USD
ADTX,"Aditxt, Inc.",−4.83%,79.74 K,0.52,2.93 M USD
ADUS,Addus HomeCare Corporation,−1.08%,127.82 K,0.79,2.08 B USD
ADV,Advantage Solutions Inc.,−6.49%,694.94 K,0.77,467.01 M USD
ADVB,Advanced Biomed Inc.,+0.19%,60.24 K,1.32,20.77 M USD
ADVM,"Adverum Biotechnologies, Inc.",−5.02%,182.09 K,0.86,51.39 M USD
AEE,Ameren Corporation,−1.51%,1.35 M,0.71,26.48 B USD
AEHL,Antelope Enterprise Holdings Limited,0.00%,224.41 K,1.63,8.65 M USD
AEHR,Aehr Test Systems,−5.03%,859.49 K,0.87,337.01 M USD
AEI,Alset Inc.,−6.22%,22.07 K,1.04,9.46 M USD
AEIS,"Advanced Energy Industries, Inc.",−3.06%,148.28 K,0.58,4.62 B USD
A,AEMD,−10.66%,67.45 K,0.95,3.54 M USD
AENT,Alliance Entertainment Holding Corporation,−1.55%,9 K,0.36,161.53 M USD
AEO,"American Eagle Outfitters, Inc.",−7.55%,9.83 M,1.10,1.61 B USD
AEON,"AEON Biopharma, Inc.",+2.18%,393.25 K,0.67,10.3 M USD
AEP,"American Electric Power Company, Inc.",−0.12%,2.39 M,0.99,54.97 B USD
AER,AerCap Holdings N.V.,−0.35%,1.27 M,0.90,20.45 B USD
AERT,"Aeries Technology, Inc.",+3.39%,54.48 K,0.20,37.32 M USD
AES,The AES Corporation,−0.87%,16.79 M,1.21,8.14 B USD
AESI,Atlas Energy Solutions Inc.,+1.74%,1.8 M,1.05,1.81 B USD
AEVA,"Aeva Technologies, Inc.",−2.58%,1.58 M,0.89,1.27 B USD
AEYE,"AudioEye, Inc.",−5.97%,76.84 K,1.12,141.4 M USD
AFBI,"Affinity Bancshares, Inc.",−0.16%,620,0.10,114.95 M USD
AFG,"American Financial Group, Inc.",−1.19%,612.65 K,1.22,10.35 B USD
AFJK,"Aimei Health Technology Co., Ltd",+0.13%,2.59 K,0.09,68.26 M USD
AFL,AFLAC Incorporated,−0.44%,2.26 M,1.06,55.24 B USD
AFRI,Forafric Global PLC,−0.64%,13.42 K,0.95,207.68 M USD
AFRM,"Affirm Holdings, Inc.",−3.18%,6.53 M,1.08,19.07 B USD
AFYA,Afya Limited,+0.67%,377.82 K,3.26,1.64 B USD
AGAE,Allied Gaming & Entertainment Inc.,−12.39%,71.43 K,0.36,118.24 M USD
AGCO,AGCO Corporation,−0.33%,606.23 K,0.95,7.5 B USD
AGEN,Agenus Inc.,−2.49%,402.11 K,0.16,128.86 M USD
AGFY,Agrify Corporation,+5.39%,21.51 K,0.98,50.75 M USD
AGH,Aureus Greenway Holdings Inc.,−10.32%,158.05 K,0.87,—
AGIO,"Agios Pharmaceuticals, Inc.",−0.58%,482.14 K,0.78,1.99 B USD
AGL,"agilon health, inc.",−1.83%,2.62 M,0.71,890 M USD
AGM,Federal Agricultural Mortgage Corporation,−3.79%,115.79 K,0.47,1.98 B USD
A,AGMH,−12.50%,109.1 K,0.13,5.08 M USD
AGO,Assured Guaranty Ltd.,−0.14%,315.03 K,1.12,4.16 B USD
AGRI,AgriFORCE Growing Systems Ltd.,−5.88%,62.8 K,0.24,3.21 M USD
AGRO,Adecoagro S.A.,−0.32%,526.86 K,0.98,928.94 M USD
AGS,"PlayAGS, Inc.",0.00%,244.81 K,0.54,513.42 M USD
AGX,"Argan, Inc.",−1.78%,381.83 K,0.59,2.98 B USD
AGYS,"Agilysys, Inc.",−1.53%,209.65 K,0.75,3.06 B USD
AHCO,AdaptHealth Corp.,−2.22%,881.57 K,0.94,1.16 B USD
AHL,Aspen Insurance Holdings Limited,+1.19%,148.27 K,0.95,—
AI,"C3.ai, Inc.",−2.46%,4.68 M,0.66,3.07 B USD
AIFE,Aifeex Nexus Acquisition Corporation,+0.30%,212,0.02,90.2 M USD
A,AIFF,−4.43%,196.56 K,1.06,38.84 M USD
AIFU,AIFU Inc.,−1.61%,43.2 K,0.43,161.86 M USD
AIG,"American International Group, Inc. New",−1.39%,3.43 M,0.82,48.76 B USD
AIHS,Senmiao Technology Limited,−62.90%,17.75 M,3.44,4.02 M USD
AII,"American Integrity Insurance Group, Inc.",+2.88%,191.48 K,1.20,322.15 M USD
AIMD,"Ainos, Inc.",−8.03%,183.07 K,1.03,10.56 M USD
AIN,Albany International Corporation,−1.91%,310.34 K,1.31,2.03 B USD
AIOT,"PowerFleet, Inc.",−6.12%,2.12 M,0.96,589.67 M USD
AIP,"Arteris, Inc.",−6.26%,252.89 K,0.95,333.3 M USD
AIR,AAR Corp.,−0.20%,271.82 K,1.02,2.48 B USD
AIRE,reAlpha Tech Corp.,−8.89%,979.7 K,2.96,21.81 M USD
AIRG,"Airgain, Inc.",0.00%,15.44 K,2.13,48.36 M USD
AIRI,Air Industries Group,−3.67%,32.97 K,0.97,12.84 M USD
AIRJ,AirJoule Technologies Corporation,−6.25%,97.02 K,0.95,252.99 M USD
A,AIRO,−40.00%,14.71 M,"29,065.72",597.68 M USD
AIRS,"AirSculpt Technologies, Inc.",−13.33%,939.57 K,1.14,283.98 M USD
AIRT,"Air T, Inc.",+8.99%,3.07 K,1.95,54.52 M USD
AISP,"Airship AI Holdings, Inc",−4.28%,703.94 K,0.72,149.67 M USD
AIT,"Applied Industrial Technologies, Inc.",−1.99%,257.05 K,0.95,8.59 B USD
AIZ,"Assurant, Inc.",−0.52%,461.19 K,0.50,10.05 B USD
AJG,Arthur J. Gallagher & Co.,−1.10%,1.04 M,0.72,81.09 B USD
AKA,a.k.a. Brands Holding Corp.,−3.90%,8.55 K,1.17,129.43 M USD
AKAM,"Akamai Technologies, Inc.",−1.89%,1.86 M,0.86,11.26 B USD
AKAN,Akanda Corp.,−5.51%,23.71 K,0.65,2.89 M USD
AKBA,"Akebia Therapeutics, Inc.",−2.47%,6.48 M,0.82,934.98 M USD
AKRO,"Akero Therapeutics, Inc.",+3.85%,2.22 M,1.25,4.43 B USD
AKYA,"Akoya BioSciences, Inc.",−2.38%,80.23 K,0.31,61.35 M USD
AL,Air Lease Corporation,−2.17%,881.78 K,1.16,6.3 B USD
ALAB,"Astera Labs, Inc.",−4.89%,3.5 M,0.86,14.8 B USD
ALB,Albemarle Corporation,−2.82%,2.5 M,—,7.14 B USD
ALBT,Avalon GloboCare Corp.,+4.30%,12.9 K,0.92,6.44 M USD
ALCO,"Alico, Inc.",−0.89%,36.54 K,1.06,238.89 M USD
ALCY,Alchemy Investments Acquisition Corp 1,+2.09%,1.55 K,0.23,53.12 M USD
ALDF,Aldel Financial II Inc.,+0.10%,69.53 K,1.58,313.91 M USD
ALDX,"Aldeyra Therapeutics, Inc.",−5.12%,1.18 M,1.45,166.51 M USD
ALE,"Allete, Inc.",−0.63%,846.49 K,2.56,3.75 B USD
ALEC,"Alector, Inc.",−4.94%,408.84 K,0.72,153.99 M USD
ALF,Centurion Acquisition Corp.,−0.11%,11.43 K,0.16,304.13 M USD
ALG,"Alamo Group, Inc.",−0.30%,131.15 K,0.97,2.57 B USD
ALGM,"Allegro MicroSystems, Inc.",−4.15%,1.55 M,0.88,5.3 B USD
ALGN,"Align Technology, Inc.",−2.11%,779.47 K,1.08,12.89 B USD
ALGS,"Aligos Therapeutics, Inc.",−3.99%,137.24 K,0.83,47.15 M USD
ALGT,Allegiant Travel Company,−4.92%,653.54 K,1.87,931.9 M USD
ALHC,"Alignment Healthcare, Inc.",−0.93%,1.58 M,0.51,2.96 B USD
ALIT,"Alight, Inc.",−2.44%,9.2 M,1.75,2.8 B USD
ALK,"Alaska Air Group, Inc.",−4.39%,3.05 M,1.11,5.76 B USD
ALKS,Alkermes plc,−3.09%,2.21 M,1.72,4.92 B USD
ALKT,"Alkami Technology, Inc.",−6.19%,1.12 M,1.20,2.75 B USD
ALL,Allstate Corporation (The),−0.70%,1.33 M,0.85,52.68 B USD
ALLE,Allegion plc,−2.43%,556.57 K,0.63,11.64 B USD
ALLO,"Allogene Therapeutics, Inc.",−4.29%,2.45 M,0.88,293.1 M USD
ALLR,"Allarity Therapeutics, Inc.",−3.93%,443.92 K,1.07,12.11 M USD
ALLT,Allot Ltd.,−0.61%,416.01 K,1.35,323.1 M USD
ALLY,Ally Financial Inc.,−2.09%,2.84 M,0.46,11.06 B USD
ALMS,Alumis Inc.,−1.26%,637.98 K,0.67,323.43 M USD
ALMU,"Aeluma, Inc.",−21.95%,1.59 M,3.93,211.42 M USD
ALNT,Allient Inc.,−1.31%,130.41 K,1.12,572.7 M USD
ALNY,"Alnylam Pharmaceuticals, Inc.",+1.09%,571.87 K,0.57,40.16 B USD
ALOT,"AstroNova, Inc.",−3.55%,12.7 K,0.63,68.06 M USD
ALRM,"Alarm.com Holdings, Inc.",−1.46%,329.25 K,1.04,2.82 B USD
ALRS,Alerus Financial Corporation,−2.87%,69.7 K,1.11,531.41 M USD
ALSN,"Allison Transmission Holdings, Inc.",−2.82%,763.51 K,1.08,8.33 B USD
ALT,"Altimmune, Inc.",−3.22%,4.34 M,1.07,561.26 M USD
ALTG,Alta Equipment Group Inc.,−0.95%,185.71 K,0.86,207.11 M USD
ALTI,"AlTi Global, Inc.",−0.25%,124.93 K,0.41,568.34 M USD
ALTO,"Alto Ingredients, Inc.",+6.36%,866.29 K,3.35,90.34 M USD
ALTS,ALT5 Sigma Corporation,+7.16%,305.76 K,1.22,179 M USD
A,ALUR,−3.13%,82.28 K,0.93,18.5 M USD
ALV,"Autoliv, Inc.",−1.28%,630.75 K,0.92,8.39 B USD
ALVO,Alvotech,−1.02%,130.11 K,0.53,2.94 B USD
ALXO,ALX Oncology Holdings Inc.,−5.23%,250.01 K,0.52,27.38 M USD
ALZN,"Alzamend Neuro, Inc.",+1.57%,755.34 K,0.68,2.6 M USD
AM,Antero Midstream Corporation,+0.16%,2.64 M,1.08,8.76 B USD
AMAL,Amalgamated Financial Corp.,−2.36%,165.54 K,1.15,925.34 M USD
AMAT,"Applied Materials, Inc.",−2.52%,5.3 M,0.77,136.9 B USD
AMBA,"Ambarella, Inc.",−4.61%,750.23 K,0.55,2.15 B USD
AMBC,"Ambac Financial Group, Inc.",0.00%,887.09 K,0.67,315.71 M USD
AMBI,Ambipar Emergency Response,+9.53%,5.05 K,0.51,286.57 M USD
AMBP,Ardagh Metal Packaging S.A.,−0.72%,3 M,1.97,2.46 B USD
AMC,"AMC Entertainment Holdings, Inc.",+0.64%,7.92 M,0.84,1.36 B USD
AMCR,Amcor plc,−1.52%,21.5 M,0.89,20.98 B USD
AMCX,AMC Networks Inc.,−4.07%,381.26 K,0.69,280.35 M USD
AMD,"Advanced Micro Devices, Inc.",−1.97%,39.7 M,1.06,188.34 B USD
AME,"AMETEK, Inc.",−1.67%,1.26 M,0.93,40.86 B USD
AMED,Amedisys Inc,−0.07%,120.35 K,0.34,3.19 B USD
AMG,"Affiliated Managers Group, Inc.",−1.12%,131.57 K,0.71,5.17 B USD
AMGN,Amgen Inc.,−0.70%,2.19 M,0.86,158.74 B USD
AMIX,"Autonomix Medical, Inc.",−5.11%,174.03 K,0.35,3.61 M USD
AMKR,"Amkor Technology, Inc.",−2.45%,1.57 M,0.84,4.91 B USD
AMLX,"Amylyx Pharmaceuticals, Inc.",0.00%,890.41 K,0.97,492.06 M USD
AMN,AMN Healthcare Services Inc,−0.19%,413.84 K,0.60,826.18 M USD
AMOD,"Alpha Modus Holdings, Inc.",+8.70%,237.52 K,0.98,17.29 M USD
AMP,"Ameriprise Financial, Inc.",−2.69%,393.34 K,0.81,47.77 B USD
AMPG,"Amplitech Group, Inc.",−2.88%,147.91 K,0.71,41.56 M USD
AMPH,"Amphastar Pharmaceuticals, Inc.",−2.34%,402.5 K,0.78,1.22 B USD
AMPL,"Amplitude, Inc.",−6.73%,1.01 M,0.73,1.49 B USD
AMPX,"Amprius Technologies, Inc.",−3.05%,5.09 M,1.19,460.49 M USD
AMPY,Amplify Energy Corp.,+7.55%,1.09 M,1.08,143.6 M USD
AMR,"Alpha Metallurgical Resources, Inc.",+2.10%,229.75 K,0.84,1.47 B USD
AMRC,"Ameresco, Inc.",−1.00%,361.21 K,0.91,833.77 M USD
AMRK,"A-Mark Precious Metals, Inc.",+4.52%,357.74 K,1.78,547.16 M USD
AMRX,"Amneal Pharmaceuticals, Inc.",−2.64%,1.4 M,0.81,2.43 B USD
AMS,American Shared Hospital Services,−2.07%,3.79 K,0.46,15.29 M USD
AMSC,American Superconductor Corporation,+0.41%,1.83 M,1.05,1.28 B USD
AMSF,"AMERISAFE, Inc.",−1.77%,110.06 K,0.79,846.79 M USD
AMST,Amesite Inc.,+0.35%,27.6 K,0.66,13.26 M USD
AMTB,Amerant Bancorp Inc.,−3.63%,109.57 K,0.49,711.51 M USD
AMTM,"Amentum Holdings, Inc.",−1.18%,1.86 M,0.53,5.52 B USD
AMTX,"Aemetis, Inc",+1.05%,976.51 K,1.02,106.86 M USD
AMWD,American Woodmark Corporation,−4.22%,139.36 K,0.94,784.9 M USD
AMWL,American Well Corporation,−5.31%,55.74 K,1.83,107.19 M USD
A,AMZE,−12.03%,45.7 K,1.54,6.05 M USD
AMZN,"Amazon.com, Inc.",−0.53%,29.34 M,0.79,2.25 T USD
AN,"AutoNation, Inc.",−1.22%,267.22 K,0.73,7.15 B USD
ANAB,"AnaptysBio, Inc.",−0.38%,441.3 K,0.48,685.15 M USD
ANDE,"The Andersons, Inc.",+2.27%,343.33 K,1.24,1.25 B USD
ANEB,"Anebulo Pharmaceuticals, Inc.",+9.45%,8.82 K,1.80,57.11 M USD
ANET,"Arista Networks, Inc.",−3.57%,6.22 M,0.64,115.98 B USD
ANF,Abercrombie & Fitch Company,−5.19%,2.08 M,0.76,3.56 B USD
ANGH,Anghami Inc.,−3.43%,18.79 K,1.28,31.77 M USD
ANGI,Angi Inc.,−2.40%,924.6 K,1.03,740.92 M USD
ANGO,"AngioDynamics, Inc.",−2.11%,674.05 K,0.79,432.87 M USD
ANIK,Anika Therapeutics Inc.,−3.02%,42.87 K,0.82,156.75 M USD
ANIP,"ANI Pharmaceuticals, Inc.",+0.71%,150.69 K,0.47,1.36 B USD
ANIX,"Anixa Biosciences, Inc.",−7.22%,168.51 K,0.48,107.59 M USD
ANNA,"AleAnna, Inc.",+1.02%,5.55 K,1.45,591.89 M USD
ANNX,"Annexon, Inc.",−8.12%,1.05 M,0.60,273.19 M USD
ANRO,"Alto Neuroscience, Inc.",−1.63%,152.23 K,0.47,65.24 M USD
ANSC,Agriculture & Natural Solutions Acquisition Corporation,+0.19%,1.68 K,0.27,465.53 M USD
ANSS,"ANSYS, Inc.",−1.60%,428.33 K,0.48,29.72 B USD
ANTA,Antalpha Platform Holding Company,−1.61%,48.76 K,0.37,281.82 M USD
ANTE,AirNet Technology Inc.,+4.01%,81.79 K,1.53,22.39 M USD
ANTX,"AN2 Therapeutics, Inc.",−5.31%,94.12 K,0.37,32.29 M USD
ANVS,"Annovis Bio, Inc.",−4.42%,372.2 K,0.54,54.76 M USD
ANY,Sphere 3D Corp.,−7.17%,500.48 K,1.51,17.76 M USD
AOMD,"Angel Oak Mortgage REIT, Inc. 9.750% Senior Notes due 2030",+0.14%,11.4 K,0.71,215.5 M USD
AON,Aon plc,−0.78%,1.03 M,0.79,76.23 B USD
AORT,"Artivion, Inc.",−1.70%,242.57 K,0.78,1.21 B USD
AOS,A.O. Smith Corporation,−0.68%,2.22 M,0.87,9.07 B USD
AOSL,Alpha and Omega Semiconductor Limited,−8.51%,388.93 K,0.98,675.25 M USD
AOUT,"American Outdoor Brands, Inc.",−3.35%,44.36 K,1.06,143.39 M USD
AP,Ampco-Pittsburgh Corporation,−4.38%,34.17 K,0.26,61.49 M USD
APA,APA Corporation,+5.31%,13.08 M,1.77,7.58 B USD
APAM,Artisan Partners Asset Management Inc.,−1.56%,665.62 K,1.44,3.41 B USD
APD,"Air Products and Chemicals, Inc.",−1.03%,933.05 K,0.69,62.39 B USD
APDN,"Applied DNA Sciences, Inc.",−7.79%,42.64 K,0.22,2.43 M USD
APEI,"American Public Education, Inc.",+1.36%,170.32 K,0.48,498.44 M USD
APG,APi Group Corporation,−0.75%,889.44 K,0.54,13.44 B USD
APGE,"Apogee Therapeutics, Inc.",+6.26%,1.26 M,1.37,2.65 B USD
APH,Amphenol Corporation,−2.23%,7.13 M,0.86,111.88 B USD
APLD,Applied Digital Corporation,−10.63%,62.48 M,0.48,2.52 B USD
A,APLM,−12.24%,3.94 K,1.13,6.7 M USD
APLS,"Apellis Pharmaceuticals, Inc.",−2.23%,1.17 M,0.47,2.37 B USD
APLT,"Applied Therapeutics, Inc.",−3.01%,1.11 M,0.82,50.12 M USD
APM,Aptorum Group Limited,−2.54%,40.93 K,0.26,8.22 M USD
APO,"Apollo Global Management, Inc. (New)",−4.34%,4.24 M,1.57,75.5 B USD
APOG,"Apogee Enterprises, Inc.",−2.95%,163.64 K,1.05,831.64 M USD
APP,Applovin Corporation,−4.23%,4.35 M,0.75,123.34 B USD
APPF,"AppFolio, Inc.",−0.64%,401.24 K,1.38,8.13 B USD
APPN,Appian Corporation,−3.69%,344.85 K,0.61,2.19 B USD
APPS,"Digital Turbine, Inc.",−6.02%,3.9 M,0.82,491.43 M USD
APRE,"Aprea Therapeutics, Inc.",−4.16%,8.72 K,0.31,10.18 M USD
APT,"Alpha Pro Tech, Ltd.",−1.72%,22.88 K,0.43,49.65 M USD
APTV,Aptiv PLC,−3.49%,2.11 M,1.01,14.64 B USD
APUS,"Apimeds Pharmaceuticals US, Inc.",−1.07%,19.44 K,0.31,21.18 M USD
APVO,Aptevo Therapeutics Inc.,−8.16%,148.13 K,1.54,3.07 M USD
APWC,Asia Pacific Wire & Cable Corporation Limited,+2.99%,10.7 K,1.08,35.46 M USD
APYX,Apyx Medical Corporation,+2.04%,33.16 K,0.60,66.14 M USD
AQB,"AquaBounty Technologies, Inc.",−2.73%,78.98 K,0.75,3.14 M USD
AQMS,"Aqua Metals, Inc.",−2.39%,136.01 K,0.20,7.36 M USD
AQST,"Aquestive Therapeutics, Inc.",+3.32%,1.22 M,0.68,339.7 M USD
AR,Antero Resources Corporation,+4.05%,5.46 M,1.26,12.94 B USD
ARAI,Arrive AI Inc.,−16.85%,945.69 K,0.19,255.67 M USD
ARAY,Accuray Incorporated,−2.40%,808.63 K,0.52,125.68 M USD
A,ARBB,−6.21%,10.03 K,0.42,12 M USD
ARBE,Arbe Robotics Ltd.,−4.94%,1.27 M,0.97,161.95 M USD
ARCB,ArcBest Corporation,−2.70%,209.6 K,0.65,1.56 B USD
ARCC,Ares Capital Corporation,−3.37%,5.05 M,1.23,14.95 B USD
ARCO,Arcos Dorados Holdings Inc.,−0.53%,1.68 M,1.32,1.59 B USD
ARCT,Arcturus Therapeutics Holdings Inc.,−2.06%,433.1 K,0.78,335.75 M USD
ARDT,"Ardent Health, Inc.",−2.95%,267.5 K,1.06,1.88 B USD
ARDX,"Ardelyx, Inc.",−3.23%,6.01 M,1.09,861.32 M USD
AREB,"American Rebel Holdings, Inc.",−7.53%,312.75 K,0.14,11.25 M USD
AREC,American Resources Corporation,+11.59%,3.05 M,0.96,71.7 M USD
AREN,"The Arena Group Holdings, Inc.",+8.61%,191.16 K,0.79,245.89 M USD
ARES,Ares Management Corporation,−2.49%,1.14 M,0.65,35.81 B USD
ARHS,"Arhaus, Inc.",−3.10%,1.52 M,1.14,1.19 B USD
ARIS,"Aris Water Solutions, Inc.",+2.23%,1.3 M,2.12,1.54 B USD
ARKO,ARKO Corp.,−6.03%,706.38 K,1.63,479.75 M USD
ARKR,Ark Restaurants Corp.,+3.90%,1.53 K,0.72,36.49 M USD
ARL,"American Realty Investors, Inc.",−0.50%,1.04 K,0.47,223.87 M USD
ARLO,"Arlo Technologies, Inc.",+1.79%,940.58 K,0.77,1.77 B USD
ARLP,"Alliance Resource Partners, L.P.",+0.93%,476 K,2.57,3.34 B USD
ARMK,Aramark,−0.60%,1.33 M,0.86,10.5 B USD
ARMP,"Armata Pharmaceuticals, Inc.",−6.97%,17.45 K,0.73,67.68 M USD
AROC,"Archrock, Inc.",−0.36%,1.4 M,1.17,4.39 B USD
AROW,Arrow Financial Corporation,−3.17%,44.44 K,1.13,422.22 M USD
ARQ,"Arq, Inc.",−4.78%,219.07 K,1.22,210.21 M USD
A,ARQQ,−11.00%,754.81 K,1.14,341.35 M USD
ARQT,"Arcutis Biotherapeutics, Inc.",−0.52%,2.23 M,1.14,1.6 B USD
ARRY,"Array Technologies, Inc.",+7.13%,6.15 M,1.33,1.21 B USD
A,ARTL,+1.56%,39.67 K,2.85,3.93 M USD
ARTNA,Artesian Resources Corporation,−2.78%,27.3 K,1.17,346.94 M USD
ARTV,"Artiva Biotherapeutics, Inc.",−3.41%,176.65 K,1.46,48.24 M USD
ARTW,"Art's-Way Manufacturing Co., Inc.",−2.06%,6.88 K,0.33,9.67 M USD
ARVN,"Arvinas, Inc.",−2.38%,1.13 M,0.46,539.41 M USD
ARW,"Arrow Electronics, Inc.",−1.19%,792.65 K,1.73,6.33 B USD
ARWR,"Arrowhead Pharmaceuticals, Inc.",−2.96%,1.22 M,0.79,2.17 B USD
AS,"Amer Sports, Inc.",−3.13%,4.98 M,1.01,20.07 B USD
ASAN,"Asana, Inc.",−4.63%,3.51 M,0.51,3.1 B USD
ASB,Associated Banc-Corp,−2.77%,1.38 M,1.45,3.78 B USD
ASBP,"Aspire Biopharma Holdings, Inc.",−3.82%,611.76 K,0.27,18.1 M USD
ASC,Ardmore Shipping Corporation,+2.93%,857.18 K,1.80,413.96 M USD
ASGN,ASGN Incorporated,−2.49%,427.22 K,0.98,2.26 B USD
ASH,Ashland Inc.,−4.03%,460.11 K,0.85,2.27 B USD
A,ASIC,−1.42%,127.72 K,—,1.11 B USD
ASIX,AdvanSix Inc.,−2.00%,107.21 K,0.82,643.24 M USD
ASLE,AerSale Corporation,−2.62%,529.98 K,1.72,316.05 M USD
ASMB,"Assembly Biosciences, Inc.",−1.46%,40.78 K,1.73,128.69 M USD
ASNS,"Actelis Networks, Inc.",−2.20%,49.53 K,0.43,6.09 M USD
ASO,"Academy Sports and Outdoors, Inc.",−5.12%,1.99 M,1.03,2.9 B USD
ASPC,A SPAC III Acquisition Corp.,0.00%,29.28 K,1.57,66.86 M USD
ASPI,ASP Isotopes Inc.,−3.47%,3.35 M,0.78,676.87 M USD
ASPN,"Aspen Aerogels, Inc.",−4.05%,944.37 K,0.70,506.19 M USD
ASPS,Altisource Portfolio Solutions S.A.,+1.75%,58.97 K,1.67,103.41 M USD
ASRT,"Assertio Holdings, Inc.",+2.43%,231.26 K,1.12,60.52 M USD
ASRV,AmeriServ Financial Inc.,−6.55%,36.14 K,1.37,44.77 M USD
ASST,Asset Entities Inc.,−7.06%,1.38 M,0.31,96.06 M USD
ASTC,Astrotech Corporation,−1.23%,3.06 K,0.98,9.49 M USD
ASTE,"Astec Industries, Inc.",−2.65%,93 K,0.68,915.82 M USD
ASTH,Astrana Health Inc.,−2.28%,212.74 K,1.06,1.29 B USD
ASTI,"Ascent Solar Technologies, Inc",−0.61%,71 K,0.96,2.97 M USD
ASTL,Algoma Steel Group Inc.,−1.13%,1.04 M,0.73,645.34 M USD
ASTS,"AST SpaceMobile, Inc.",+3.93%,22.91 M,1.25,12.59 B USD
ASUR,Asure Software Inc,−1.64%,100.21 K,1.93,260.41 M USD
ASYS,"Amtech Systems, Inc.",−7.11%,44.27 K,1.69,57.97 M USD
ATAI,ATAI Life Sciences N.V.,−3.21%,2.28 M,0.78,423.59 M USD
A,ATCH,−6.88%,1.33 M,0.34,3.17 M USD
ATEC,"Alphatec Holdings, Inc.",−2.73%,1.99 M,1.18,1.62 B USD
ATEN,"A10 Networks, Inc.",−1.45%,658.56 K,1.05,1.27 B USD
ATER,"Aterian, Inc.",−3.13%,146.04 K,0.79,10.85 M USD
ATEX,Anterix Inc.,−1.35%,100.77 K,0.81,500.91 M USD
ATGE,Adtalem Global Education Inc.,+1.58%,353.63 K,0.84,4.38 B USD
ATGL,Alpha Technology Group Limited,+2.50%,4.88 K,1.37,394.54 M USD
ATHA,"Athira Pharma, Inc.",−1.78%,138.53 K,0.06,11.87 M USD
ATHR,"Aether Holdings, Inc.",+15.77%,29.18 K,0.90,186.6 M USD
ATI,ATI Inc.,+1.00%,1.98 M,1.01,11.99 B USD
A,ATII,+0.15%,11.24 K,0.12,301.97 M USD
ATKR,Atkore Inc.,−0.60%,335.96 K,0.97,2.24 B USD
ATLC,Atlanticus Holdings Corporation,−5.47%,66.75 K,1.35,770.53 M USD
ATLN,Atlantic International Corp.,−2.01%,12.49 K,0.61,142.44 M USD
ATLO,Ames National Corporation,−0.34%,20.52 K,2.29,158.96 M USD
ATLX,Atlas Lithium Corporation,−4.73%,93.14 K,0.29,71.88 M USD
ATMC,AlphaTime Acquisition Corp,+0.09%,225,0.06,40.63 M USD
ATMU,Atmus Filtration Technologies Inc.,−3.00%,436.91 K,0.72,2.91 B USD
ATNF,180 Life Sciences Corp.,−1.50%,6.19 K,0.23,5.61 M USD
ATNI,"ATN International, Inc.",−3.26%,36.04 K,0.76,239.36 M USD
ATNM,"Actinium Pharmaceuticals, Inc. (Delaware)",−6.29%,489.32 K,1.90,46.48 M USD
ATO,Atmos Energy Corporation,−0.97%,646.23 K,0.59,24.3 B USD
ATOM,Atomera Incorporated,−8.81%,469.43 K,1.37,162.12 M USD
ATOS,"Atossa Therapeutics, Inc.",−3.74%,518.45 K,0.79,107.28 M USD
ATPC,Agape ATP Corporation,+9.15%,122.67 K,1.91,83.51 M USD
ATR,"AptarGroup, Inc.",−2.07%,361.18 K,0.88,9.98 B USD
ATRA,"Atara Biotherapeutics, Inc.",+1.26%,34.17 K,0.55,59.94 M USD
ATRC,"AtriCure, Inc.",−2.20%,387.65 K,0.77,1.57 B USD
ATRO,Astronics Corporation,−2.68%,781.13 K,1.53,1.23 B USD
ATUS,"Altice USA, Inc.",−4.65%,1.81 M,0.77,958.84 M USD
ATXG,Addentax Group Corp.,−9.47%,611.3 K,0.24,3.99 M USD
ATXS,"Astria Therapeutics, Inc.",+2.14%,346.31 K,0.83,322.8 M USD
ATYR,"aTyr Pharma, Inc.",−4.24%,2.11 M,0.72,462.82 M USD
AUB,Atlantic Union Bankshares Corporation,−2.44%,1.38 M,0.90,4.38 B USD
AUBN,"Auburn National Bancorporation, Inc.",−5.07%,417,0.10,73.96 M USD
AUDC,AudioCodes Ltd.,−1.77%,44.14 K,0.98,264.15 M USD
AUID,authID Inc.,−7.76%,184.02 K,1.67,59.15 M USD
AUNA,Auna SA,−0.39%,17.64 K,0.46,467.39 M USD
AUPH,Aurinia Pharmaceuticals Inc,−0.61%,942.47 K,0.95,1.11 B USD
AUR,"Aurora Innovation, Inc.",−4.04%,14.45 M,0.80,9.66 B USD
AURA,"Aura Biosciences, Inc.",−3.75%,152.63 K,0.70,398.07 M USD
AUST,Austin Gold Corp.,−0.93%,66.59 K,0.75,21.23 M USD
AUUD,Auddia Inc.,−11.05%,24.16 K,0.56,2.8 M USD
AVA,Avista Corporation,−1.48%,592.94 K,1.14,3.01 B USD
AVAH,Aveanna Healthcare Holdings Inc.,−3.35%,437.92 K,0.70,957.91 M USD
AVAV,"AeroVironment, Inc.",+2.62%,774.04 K,1.02,8.91 B USD
AVBP,"ArriVent BioPharma, Inc.",−1.52%,441.32 K,1.11,796.13 M USD
AVD,American Vanguard Corporation,−7.30%,137.06 K,0.54,145.61 M USD
A,AVDL,+2.46%,1.46 M,1.04,925.79 M USD
AVDX,"AvidXchange Holdings, Inc.",−0.31%,7.07 M,1.76,2.01 B USD
AVGO,Broadcom Inc.,−2.88%,19.03 M,0.66,1.17 T USD
AVIR,"Atea Pharmaceuticals, Inc.",−1.56%,340.71 K,0.79,270.43 M USD
AVNS,"Avanos Medical, Inc.",−2.18%,282.53 K,0.77,559.55 M USD
AVNT,Avient Corporation,−3.98%,624.06 K,1.18,3.14 B USD
AVNW,"Aviat Networks, Inc.",−3.97%,134.81 K,1.45,279.49 M USD
AVO,"Mission Produce, Inc.",+1.57%,724.81 K,1.18,870.72 M USD
AVPT,"AvePoint, Inc.",−1.95%,969.71 K,0.71,3.78 B USD
A,AVR,−10.06%,279.96 K,1.57,157.95 M USD
AVT,"Avnet, Inc.",−2.02%,439.65 K,0.84,4.23 B USD
AVTR,"Avantor, Inc.",−3.47%,7.43 M,0.63,8.91 B USD
AVTX,"Avalo Therapeutics, Inc.",−0.82%,44.23 K,0.34,52.41 M USD
AVXL,Anavex Life Sciences Corp.,−2.31%,442.04 K,0.57,685.54 M USD
AVY,Avery Dennison Corporation,−2.62%,316.01 K,0.45,13.65 B USD
AWI,Armstrong World Industries Inc,−1.84%,194.51 K,0.82,6.57 B USD
AWK,"American Water Works Company, Inc.",+0.08%,741.15 K,0.62,27.58 B USD
AWR,American States Water Company,−0.56%,159.8 K,0.92,3.01 B USD
AWRE,"Aware, Inc.",+0.57%,53.35 K,2.08,37.12 M USD
AWX,Avalon Holdings Corporation,−2.72%,165.06 K,10.23,9.44 M USD
AX,"Axos Financial, Inc.",−3.50%,551 K,1.79,3.95 B USD
AXGN,"Axogen, Inc.",−2.89%,560.25 K,0.92,444.05 M USD
AXIL,"AXIL Brands, Inc.",−2.89%,9.79 K,0.92,34.98 M USD
AXL,"American Axle & Manufacturing Holdings, Inc.",−6.76%,2.38 M,0.83,491.26 M USD
AXON,"Axon Enterprise, Inc.",+0.70%,359.1 K,0.62,60.77 B USD
AXP,American Express Company,−3.42%,3.41 M,1.51,201.62 B USD
AXR,AMREP Corporation,−3.50%,13.43 K,1.08,112.25 M USD
AXS,Axis Capital Holdings Limited,−0.76%,544.78 K,0.70,8.1 B USD
AXSM,"Axsome Therapeutics, Inc.",−2.02%,425.9 K,0.61,5.13 B USD
AXTA,Axalta Coating Systems Ltd.,−4.54%,2.79 M,1.36,6.29 B USD
AXTI,AXT Inc,−8.09%,856.45 K,0.88,98.5 M USD
AYI,Acuity Inc.,−1.33%,221.92 K,0.84,8.21 B USD
AYRO,"AYRO, Inc.",−2.02%,61.44 K,0.32,3.51 M USD
AYTU,"Aytu BioPharma, Inc.",0.00%,94.42 K,0.09,12.03 M USD
AZ,A2Z Cust2Mate Solutions Corp.,−2.77%,118.4 K,0.81,319.91 M USD
AZEK,The AZEK Company Inc.,−1.40%,1.78 M,0.37,7.68 B USD
AZI,Autozi Internet Technology (Global) Ltd.,−4.53%,480.68 K,0.65,28.17 M USD
AZO,"AutoZone, Inc.",−1.11%,119.86 K,0.90,60.94 B USD
AZTA,"Azenta, Inc.",+0.62%,681.36 K,1.04,1.4 B USD
AZTR,Azitra Inc,−7.53%,542.24 K,1.03,4.55 M USD
AZZ,AZZ Inc.,−1.85%,128.88 K,0.75,2.68 B USD
BA,Boeing Company (The),−1.68%,16.09 M,1.72,151.04 B USD
BAC,Bank of America Corporation,−1.19%,43.28 M,1.17,332.08 B USD
BACQ,Bleichroeder Acquisition Corp. I,+0.10%,10.01 K,0.11,263.4 M USD
BAER,"Bridger Aerospace Group Holdings, Inc.",−2.72%,83.94 K,0.35,97.99 M USD
BAFN,BayFirst Financial Corp.,+0.27%,8.03 K,1.94,62.1 M USD
BAH,Booz Allen Hamilton Holding Corporation,+1.18%,2.21 M,1.06,12.82 B USD
BALL,Ball Corporation,−1.41%,1.64 M,0.68,15.08 B USD
BALY,Bally's Corporation,−2.63%,28.2 K,0.47,375.76 M USD
BAM,Brookfield Asset Management Inc,−2.74%,1.24 M,0.45,88.05 B USD
BANC,"Banc of California, Inc.",−2.99%,1.34 M,0.78,2.15 B USD
BAND,Bandwidth Inc.,−3.51%,228.49 K,0.81,409.54 M USD
BANF,BancFirst Corporation,−2.69%,109.52 K,1.42,3.99 B USD
BANL,CBL International Limited,+4.07%,1.82 M,0.67,22.91 M USD
BANR,Banner Corporation,−1.32%,193.2 K,1.28,2.13 B USD
BAOS,Baosheng Media Group Holdings Limited,−13.17%,53.92 K,0.01,4.25 M USD
BAP,Credicorp Ltd.,−0.54%,203.49 K,0.47,17.28 B USD
BARK,"BARK, Inc.",−5.85%,1.62 M,0.45,139.46 M USD
BASE,"Couchbase, Inc.",−1.09%,437.22 K,0.50,1.03 B USD
BATL,Battalion Oil Corporation,+14.65%,7.67 M,628.81,26.99 M USD
BATRA,"Atlanta Braves Holdings, Inc. - Series A",−0.51%,51.65 K,1.07,2.65 B USD
BAX,Baxter International Inc.,−2.36%,2.89 M,0.79,15.71 B USD
BAYA,Bayview Acquisition Corp,+0.27%,211,0.00,59.58 M USD
BBAI,"BigBear.ai, Inc.",−2.87%,95.9 M,0.90,1.08 B USD
BBCP,"Concrete Pumping Holdings, Inc.",−2.61%,151.39 K,1.27,310.09 M USD
BBDC,"Barings BDC, Inc.",−0.55%,445.15 K,0.72,953.65 M USD
BBGI,"Beasley Broadcast Group, Inc.",−5.08%,2.81 K,1.06,7.72 M USD
BBIO,"BridgeBio Pharma, Inc.",+0.33%,2.64 M,1.00,7.55 B USD
B,BBLG,−9.67%,36.94 K,0.82,2.6 M USD
BBNX,"Beta Bionics, Inc.",−2.05%,454.76 K,0.68,827.67 M USD
BBSI,"Barrett Business Services, Inc.",−1.60%,271.4 K,2.13,1.06 B USD
BBW,"Build-A-Bear Workshop, Inc.",−1.25%,229.24 K,0.82,658.98 M USD
BBWI,"Bath & Body Works, Inc.",−3.45%,5.89 M,1.06,5.33 B USD
BBY,"Best Buy Co., Inc.",−4.05%,2.92 M,0.74,14.71 B USD
BC,Brunswick Corporation,−3.00%,798.18 K,0.60,3.65 B USD
BCAB,"BioAtla, Inc.",−5.32%,197.81 K,0.25,23.69 M USD
BCAL,California BanCorp,−3.16%,68.52 K,0.68,466.75 M USD
BCAX,Bicara Therapeutics Inc.,−6.31%,443.53 K,0.35,591.17 M USD
BCBP,"BCB Bancorp, Inc. (NJ)",−1.41%,145.72 K,1.83,132.15 M USD
BCC,"Boise Cascade, L.L.C.",−2.62%,253.13 K,0.99,3.23 B USD
BCDA,"BioCardia, Inc.",−0.91%,12.79 K,0.41,11.29 M USD
BCG,"Binah Capital Group, Inc.",+2.44%,15.81 K,1.24,34.87 M USD
BCLI,Brainstorm Cell Therapeutics Inc.,−6.78%,261.57 K,0.50,8.73 M USD
BCML,BayCom Corp,−2.48%,25.92 K,1.13,289.7 M USD
BCO,Brinks Company (The),−0.31%,305.1 K,0.95,3.54 B USD
BCPC,Balchem Corporation,−1.43%,176.7 K,1.32,5.27 B USD
BCRX,"BioCryst Pharmaceuticals, Inc.",−0.29%,2.66 M,0.75,2.17 B USD
BCSF,"Bain Capital Specialty Finance, Inc.",−1.84%,278.75 K,1.40,1 B USD
BDC,Belden Inc,−3.03%,253.93 K,1.13,4.24 B USD
BDL,"Flanigan's Enterprises, Inc.",−1.29%,2.44 K,0.60,56.97 M USD
BDMD,Baird Medical Investment Holdings Ltd,+25.29%,346.31 K,5.11,192.93 M USD
BDSX,"Biodesix, Inc.",−4.40%,746.14 K,0.28,42.02 M USD
BDTX,"Black Diamond Therapeutics, Inc.",−4.94%,567.77 K,0.43,131.35 M USD
BDX,"Becton, Dickinson and Company",−1.29%,2.28 M,0.86,49.36 B USD
BE,Bloom Energy Corporation,−1.35%,2.82 M,0.59,5.1 B USD
BEAG,Bold Eagle Acquisition Corp.,0.00%,64.12 K,0.53,598.82 M USD
BEAM,Beam Therapeutics Inc.,−2.18%,1.42 M,0.75,1.72 B USD
BEAT,"Heartbeam, Inc.",−1.31%,102.73 K,0.75,51.05 M USD
BEEM,Beam Global,−6.00%,146.43 K,1.37,21.75 M USD
BEEP,Mobile Infrastructure Corporation,−0.26%,22.95 K,0.91,161.97 M USD
BELFA,Bel Fuse Inc.,−1.89%,11.05 K,0.61,1.07 B USD
BEN,"Franklin Resources, Inc.",−1.90%,2.2 M,0.37,11.65 B USD
BENF,Beneficient,−1.64%,122.7 K,0.02,2.59 M USD
B,BEPC,+0.69%,762.39 K,0.73,4.68 B USD
BETR,Better Home & Finance Holding Company,−1.29%,42.22 K,0.40,209.97 M USD
BF.A,Brown Forman Inc,−3.62%,249.63 K,1.06,12.52 B USD
BFAM,Bright Horizons Family Solutions Inc.,−1.83%,271.78 K,0.65,7.05 B USD
BFC,Bank First Corporation,−3.13%,56.17 K,0.42,1.11 B USD
BFH,"Bread Financial Holdings, Inc.",−5.34%,623.8 K,0.83,2.36 B USD
BFIN,BankFinancial Corporation,−1.03%,12.79 K,0.62,143.42 M USD
BFLY,"Butterfly Network, Inc.",−5.74%,2.92 M,1.02,568.76 M USD
BFRG,"Bullfrog AI Holdings, Inc.",−4.52%,151.31 K,1.05,15.91 M USD
BFRI,Biofrontera Inc.,+1.38%,151.6 K,0.48,6.23 M USD
BFST,"Business First Bancshares, Inc.",−3.03%,80.98 K,1.03,693.08 M USD
BG,Bunge Limited,+5.69%,3.97 M,2.52,10.94 B USD
BGC,"BGC Group, Inc.",−3.87%,1.93 M,0.79,4.61 B USD
BGFV,Big 5 Sporting Goods Corporation,−1.64%,96.75 K,0.57,27.43 M USD
BGI,Birks Group Inc.,+3.42%,62.48 K,1.46,17.57 M USD
BGLC,BioNexus Gene Lab Corp,−5.24%,26.73 K,0.22,4.96 M USD
BGM,BGM Group Ltd.,−13.52%,102.35 K,1.09,2.48 B USD
BGS,"B&G Foods, Inc.",−4.19%,1.81 M,0.67,346.32 M USD
BGSF,"BGSF, Inc.",+0.76%,46.81 K,2.69,44.43 M USD
BH,Biglari Holdings Inc.,−0.85%,26.06 K,0.80,788.57 M USD
BHAT,Blue Hat Interactive Entertainment Technology,−4.08%,119.92 K,0.08,9.28 M USD
BHB,"Bar Harbor Bankshares, Inc.",−2.37%,49.8 K,1.25,441.73 M USD
BHE,"Benchmark Electronics, Inc.",−2.18%,316.81 K,1.58,1.35 B USD
BHF,"Brighthouse Financial, Inc.",−1.91%,437.26 K,0.78,3.27 B USD
BHLB,"Berkshire Hills Bancorp, Inc.",−3.12%,357.61 K,0.89,1.14 B USD
BHRB,Burke & Herbert Financial Services Corp.,−3.11%,74.2 K,2.01,854.11 M USD
BHVN,Biohaven Ltd.,−0.83%,1.36 M,0.68,1.58 B USD
BIAF,"bioAffinity Technologies, Inc.",−9.70%,847.08 K,0.68,7.84 M USD
BIGC,"BigCommerce Holdings, Inc. - Series 1",−4.22%,1.14 M,1.04,382.07 M USD
BIIB,Biogen Inc.,−1.25%,1.21 M,0.77,19.14 B USD
BILL,"BILL Holdings, Inc.",−5.84%,2.02 M,1.02,4.27 B USD
BIO,"Bio-Rad Laboratories, Inc.",−2.37%,452.34 K,1.00,6.18 B USD
BIOA,"BioAge Labs, Inc.",+0.67%,261.34 K,0.58,162.04 M USD
BIOX,Bioceres Crop Solutions Corp.,−2.23%,103.83 K,0.94,274.67 M USD
BIP,Brookfield Infrastructure Partners LP Limited Partnership,−2.60%,653.41 K,1.91,21.48 B USD
B,BIPC,−1.91%,457.12 K,0.65,4.88 B USD
BIRD,"Allbirds, Inc.",−10.66%,126.62 K,0.88,85.09 M USD
BIRK,Birkenstock Holding plc,−3.77%,1.97 M,0.87,9.68 B USD
BIVI,BioVie Inc.,−4.20%,150.03 K,0.72,21.17 M USD
BIYA,Baiya International Group Inc.,−29.50%,741.44 K,0.64,—
BJ,"BJ's Wholesale Club Holdings, Inc.",+0.88%,1.45 M,0.90,14.61 B USD
BJDX,"Bluejay Diagnostics, Inc.",−6.21%,109.77 K,0.03,2.48 M USD
BJRI,"BJ's Restaurants, Inc.",−1.57%,301.49 K,0.61,956.29 M USD
BK,The Bank of New York Mellon Corporation,−1.24%,3.53 M,1.07,63.39 B USD
BKD,Brookdale Senior Living Inc.,−1.30%,1.68 M,0.62,1.6 B USD
BKE,"Buckle, Inc. (The)",−2.02%,420.39 K,0.98,2.19 B USD
BKH,Black Hills Corporation,−1.11%,299.91 K,0.68,4.12 B USD
BKHA,Black Hawk Acquisition Corporation,+0.38%,50.14 K,5.79,95.01 M USD
BKKT,"Bakkt Holdings, Inc.",−5.23%,189.72 K,0.52,171.25 M USD
BKNG,Booking Holdings Inc. Common Stock,−2.99%,262.03 K,1.32,172.41 B USD
BKR,Baker Hughes Company,+1.06%,8.57 M,1.25,38.68 B USD
BKSY,BlackSky Technology Inc.,−4.89%,995.26 K,0.80,344.69 M USD
BKTI,BK Technologies Corporation,−3.76%,20.21 K,0.92,151.54 M USD
BKU,"BankUnited, Inc.",−2.79%,567.85 K,0.87,2.54 B USD
BKV,BKV Corporation,−0.09%,179 K,0.68,1.98 B USD
BKYI,"BIO-key International, Inc.",−3.83%,323.07 K,0.43,4.53 M USD
BL,"BlackLine, Inc.",−3.07%,810.81 K,0.96,3.37 B USD
BLBD,Blue Bird Corporation,−1.14%,318.04 K,0.77,1.29 B USD
BLBX,Blackboxstocks Inc.,+0.40%,32.02 K,0.50,18.38 M USD
BLCO,Bausch + Lomb Corporation,−0.88%,941.73 K,1.54,4.36 B USD
BLD,TopBuild Corp.,−3.40%,374.84 K,0.82,8.53 B USD
BLDE,"Blade Air Mobility, Inc.",−2.51%,766.47 K,0.86,315.16 M USD
BLDR,"Builders FirstSource, Inc.",−3.27%,1.42 M,0.72,12.3 B USD
BLFS,"BioLife Solutions, Inc.",−5.45%,820.31 K,1.25,1.05 B USD
BLFY,Blue Foundry Bancorp,−1.80%,109.67 K,2.98,189.41 M USD
BLIN,"Bridgeline Digital, Inc.",−1.25%,14.26 K,0.62,18.83 M USD
BLIV,BeLive Holdings,+4.89%,29.55 K,0.53,41.94 M USD
BLK,"BlackRock, Inc.",−1.66%,674.35 K,1.19,150.56 B USD
BLKB,"Blackbaud, Inc.",−1.13%,229.8 K,0.98,2.94 B USD
BLMN,"Bloomin' Brands, Inc.",−8.51%,2.57 M,1.07,685.59 M USD
BLMZ,BloomZ Inc.,−1.89%,3.04 M,0.27,2.25 M USD
BLND,"Blend Labs, Inc.",−7.98%,1.94 M,1.04,835.03 M USD
BLNE,"Beeline Holdings, Inc.",−4.20%,458.22 K,0.23,5.87 M USD
BLNK,Blink Charging Co.,−5.75%,1.69 M,0.58,89.15 M USD
BLX,"Banco Latinoamericano de Comercio Exterior, S.A.",−0.22%,94.89 K,1.12,1.46 B USD
BLZE,"Backblaze, Inc.",−4.36%,398.91 K,1.27,276.7 M USD
BMBL,Bumble Inc.,+0.61%,2.43 M,1.20,511.29 M USD
BMEA,"Biomea Fusion, Inc.",−9.58%,921.46 K,0.11,88.67 M USD
BMGL,Basel Medical Group Ltd,−26.38%,2.57 M,0.09,65 M USD
BMI,"Badger Meter, Inc.",−0.77%,165.21 K,0.76,7.15 B USD
B,BMNR,−11.59%,113.59 K,0.70,30.55 M USD
BMR,Beamr Imaging Ltd.,−10.28%,341.6 K,0.18,50.13 M USD
BMRA,"Biomerica, Inc.",−3.61%,59.32 K,1.64,8.15 M USD
BMRC,Bank of Marin Bancorp,−2.80%,105.35 K,0.76,354.48 M USD
BMRN,BioMarin Pharmaceutical Inc.,−1.85%,1.62 M,0.75,10.78 B USD
BMY,Bristol-Myers Squibb Company,−1.85%,9.5 M,0.78,101.25 B USD
BN,Brookfield Corporation,−2.45%,1.75 M,0.94,95.24 B USD
BNAI,Brand Engagement Network Inc.,+6.02%,1.28 M,0.03,16.21 M USD
BNED,"Barnes & Noble Education, Inc",−1.98%,227.97 K,0.87,371.53 M USD
BNGO,"Bionano Genomics, Inc.",−1.35%,51.21 K,0.87,12.28 M USD
BNRG,Brenmiller Energy Ltd,−13.93%,714.64 K,1.10,6.5 M USD
BNTC,Benitec Biopharma Inc.,+3.52%,44.87 K,0.88,432.61 M USD
B,BNZI,−13.85%,1.35 M,1.32,11.03 M USD
BOC,Boston Omaha Corporation,+0.43%,141.41 K,1.14,441.29 M USD
BODI,"The Beachbody Company, Inc.",−7.35%,46.79 K,0.29,26.48 M USD
BOF,BranchOut Food Inc.,−2.18%,43.93 K,0.54,19.31 M USD
BOH,Bank of Hawaii Corporation,−2.11%,287.08 K,1.04,2.6 B USD
BOKF,BOK Financial Corporation,−2.77%,241.85 K,1.16,6 B USD
BOLD,"Boundless Bio, Inc.",−3.67%,122.09 K,0.44,23.5 M USD
B,BOLT,−2.09%,11.15 K,0.38,11.69 M USD
BON,Bon Natural Life Limited,−4.97%,230 K,0.08,10.69 M USD
BOOM,DMC Global Inc.,−2.11%,280.32 K,1.76,161.26 M USD
BOOT,"Boot Barn Holdings, Inc.",−3.60%,660.12 K,1.07,4.81 B USD
BORR,Borr Drilling Limited,+3.20%,7.45 M,1.15,540.84 M USD
BOSC,B.O.S. Better Online Solutions,+3.13%,87.79 K,0.53,27.31 M USD
BOTJ,"Bank of the James Financial Group, Inc.",−0.23%,278,0.09,64.82 M USD
BOW,Bowhead Specialty Holdings Inc.,+0.08%,176.75 K,0.90,1.19 B USD
BOWN,Bowen Acquisition Corp,−4.67%,998,0.64,30.71 M USD
BOX,"Box, Inc.",−0.75%,1.89 M,0.69,5.15 B USD
BOXL,Boxlight Corporation,−3.39%,5.23 K,0.21,4.01 M USD
BPMC,Blueprint Medicines Corporation,−0.19%,4.73 M,0.45,8.27 B USD
BPOP,"Popular, Inc.",−1.60%,527.6 K,0.93,7.11 B USD
BPRN,"Princeton Bancorp, Inc.",−0.70%,15.13 K,1.76,207.04 M USD
BR,"Broadridge Financial Solutions, Inc.",−1.10%,368.04 K,0.70,27.86 B USD
BRBR,"BellRing Brands, Inc.",−2.40%,2.16 M,1.06,7.45 B USD
BRBS,"Blue Ridge Bankshares, Inc.",−2.92%,260.01 K,1.48,303.62 M USD
BRC,Brady Corporation,−2.17%,200.74 K,1.10,3.22 B USD
BRCC,BRC Inc.,−6.83%,722.87 K,1.42,319.85 M USD
BRDG,Bridge Investment Group Holdings Inc.,−4.62%,298 K,0.87,2.47 B USD
BREA,Brera Holdings PLC,−4.39%,55.49 K,0.45,6.57 M USD
BRFH,Barfresh Food Group Inc.,−7.24%,839,0.12,44.89 M USD
BRIA,BrilliA Inc,−2.98%,6.18 K,0.75,—
BRID,Bridgford Foods Corporation,−0.45%,1.18 K,0.54,71.07 M USD
BRK.A,Berkshire Hathaway Inc.,−0.51%,395,1.00,1.05 T USD
BRKL,"Brookline Bancorp, Inc.",−3.40%,364.91 K,0.70,911.54 M USD
BRKR,Bruker Corporation,−3.94%,1.61 M,0.89,5.8 B USD
BRLS,Borealis Foods Inc.,−1.75%,11.36 K,0.05,107.76 M USD
BRLT,"Brilliant Earth Group, Inc.",−2.80%,171.77 K,2.77,138.04 M USD
BRN,"Barnwell Industries, Inc.",+28.26%,5.88 M,518.51,17.79 M USD
BRO,"Brown & Brown, Inc.",−0.17%,7.84 M,1.83,34.75 B USD
BROG,Brooge Energy Limited,−0.37%,128 K,0.35,238.3 M USD
BROS,Dutch Bros Inc.,−4.57%,4.16 M,1.41,11.21 B USD
BRTX,"BioRestorative Therapies, Inc.",−16.00%,669.67 K,1.93,12.61 M USD
BRY,Berry Corporation (bry),+5.46%,1.65 M,1.64,239.77 M USD
BRZE,"Braze, Inc.",−4.11%,1.73 M,0.72,3.03 B USD
BSBK,Bogota Financial Corp.,+4.40%,590,0.24,100.76 M USD
BSET,"Bassett Furniture Industries, Incorporated",−2.14%,15.29 K,0.68,137.05 M USD
BSGM,"BioSig Technologies, Inc.",−7.53%,819.68 K,0.68,174.41 M USD
B,BSLK,−7.08%,86.03 K,0.03,4.6 M USD
BSM,"Black Stone Minerals, L.P.",0.00%,707.27 K,2.96,2.95 B USD
BSRR,Sierra Bancorp,−2.53%,42.55 K,1.65,378.5 M USD
BSVN,Bank7 Corp.,−1.65%,28.41 K,1.57,367.1 M USD
BSX,Boston Scientific Corporation,+1.20%,10.33 M,1.26,147.56 B USD
BSY,"Bentley Systems, Incorporated",+0.33%,1.25 M,0.56,14.97 B USD
BTAI,"BioXcel Therapeutics, Inc.",−11.86%,193.57 K,0.91,9.45 M USD
BTBD,"BT Brands, Inc.",−2.10%,809,0.46,8.32 M USD
BTBT,"Bit Digital, Inc.",−4.23%,10.31 M,0.71,519.24 M USD
BTCS,BTCS Inc.,−3.13%,600.99 K,0.81,45.78 M USD
BTCT,BTC Digital Ltd.,−8.28%,116.23 K,1.02,19.24 M USD
BTDR,Bitdeer Technologies Group,−4.59%,2.29 M,0.63,2.49 B USD
BTM,Bitcoin Depot Inc.,−0.48%,2.31 M,0.82,400.02 M USD
BTMD,Biote Corp.,−4.30%,75.58 K,0.60,144.75 M USD
BTOC,Armlogi Holding Corp.,+1.38%,11.48 K,0.27,61.9 M USD
BTOG,Bit Origin Limited,−0.84%,5.07 M,1.12,1.41 M USD
BTSG,"BrightSpring Health Services, Inc.",−1.94%,5.2 M,1.58,3.72 B USD
BTU,Peabody Energy Corporation,+2.79%,3.6 M,0.97,1.66 B USD
BULL,Webull Corporation,−2.99%,5.34 M,0.59,4.8 B USD
BURL,"Burlington Stores, Inc.",−3.48%,910.05 K,0.80,14.44 B USD
BURU,"Nuburu, Inc.",−0.74%,7.6 M,0.08,19.88 M USD
BUSE,First Busey Corporation,−2.15%,601.99 K,0.99,2 B USD
BV,"BrightView Holdings, Inc.",−1.90%,566.49 K,0.56,1.48 B USD
BVFL,"BV Financial, Inc.",−1.45%,33.07 K,0.73,150.77 M USD
BVS,Bioventus Inc.,−1.34%,255.3 K,0.81,543.8 M USD
BW,"Babcock & Wilcox Enterprises, Inc.",−4.46%,870.79 K,0.13,105.29 M USD
BWA,BorgWarner Inc.,−0.93%,5.15 M,2.00,7.27 B USD
BWB,"Bridgewater Bancshares, Inc.",−2.69%,63.02 K,1.13,407.48 M USD
BWEN,"Broadwind, Inc.",−6.35%,54.98 K,0.44,40.16 M USD
BWFG,"Bankwell Financial Group, Inc.",−2.98%,11.85 K,1.00,274.07 M USD
BWIN,"The Baldwin Insurance Group, Inc.",−0.64%,675.69 K,1.01,4.56 B USD
BWMN,Bowman Consulting Group Ltd.,+0.07%,106.54 K,1.30,476.67 M USD
BWMX,"Betterware de Mexico, S.A.P.I. de C.V.",−1.88%,42.73 K,0.61,291.44 M USD
BWXT,"BWX Technologies, Inc.",+0.21%,1.15 M,0.95,12.61 B USD
BX,Blackstone Inc.,−3.11%,3.02 M,0.89,165.5 B USD
BXC,Bluelinx Holdings Inc.,−4.41%,75.44 K,0.91,534.28 M USD
BXSL,Blackstone Secured Lending Fund,−0.66%,795.34 K,1.37,7.21 B USD
BY,"Byline Bancorp, Inc.",−1.79%,515.9 K,1.62,1.06 B USD
BYD,Boyd Gaming Corporation,−2.70%,612.58 K,0.78,5.96 B USD
BYFC,Broadway Financial Corporation,−0.82%,796,0.41,56.03 M USD
BYND,"Beyond Meat, Inc.",−3.36%,1.11 M,0.65,241.65 M USD
BYON,"Beyond, Inc.",−4.69%,1.22 M,0.44,374.92 M USD
BYRN,"Byrna Technologies, Inc.",−5.54%,403.52 K,0.70,675.94 M USD
BYSI,"BeyondSpring, Inc.",−1.41%,106.95 K,1.29,112.48 M USD
BZAI,"Blaize Holdings, Inc.",−3.29%,170.13 K,0.59,238.96 M USD
BZFD,"BuzzFeed, Inc.",−7.08%,358.17 K,1.78,80.9 M USD
BZH,"Beazer Homes USA, Inc.",−3.42%,283.05 K,0.71,651.22 M USD
C,"Citigroup, Inc.",−2.39%,11.99 M,1.16,142.62 B USD
CAAP,Corporacion America Airports SA,−1.65%,89.06 K,0.69,3.21 B USD
CAAS,"China Automotive Systems, Inc.",−1.82%,16.08 K,0.70,130.34 M USD
CABA,"Cabaletta Bio, Inc.",+10.56%,4.57 M,1.43,100.98 M USD
CABO,"Cable One, Inc.",+1.17%,254.32 K,1.10,741.8 M USD
CAC,Camden National Corporation,−3.06%,68.03 K,1.32,654.11 M USD
CACC,Credit Acceptance Corporation,−2.97%,152.39 K,0.55,5.62 B USD
CACI,"CACI International, Inc.",+1.10%,318.89 K,1.07,9.91 B USD
CADE,Cadence Bank,−3.69%,1.06 M,1.09,5.48 B USD
CADL,"Candel Therapeutics, Inc.",−4.29%,726.65 K,0.85,257.03 M USD
CAG,"ConAgra Brands, Inc.",−3.19%,10.72 M,1.67,10.3 B USD
CAH,"Cardinal Health, Inc.",+0.55%,2.72 M,1.41,38.52 B USD
CAKE,The Cheesecake Factory Incorporated,−3.01%,1.99 M,1.61,2.82 B USD
CAL,"Caleres, Inc.",−6.46%,1.35 M,1.11,416.04 M USD
CALC,"CalciMedica, Inc.",−1.71%,7.84 K,0.43,24.03 M USD
CALM,"Cal-Maine Foods, Inc.",+1.63%,642.56 K,0.99,5.14 B USD
CALX,"Calix, Inc",−1.99%,378.06 K,0.76,3.06 B USD
CAMP,CAMP4 Therapeutics Corporation,−2.53%,86.11 K,1.14,31.05 M USD
CAMT,Camtek Ltd.,−4.23%,542.76 K,1.83,3.21 B USD
CAPL,CrossAmerica Partners LP,−1.04%,36.65 K,1.76,834.72 M USD
CAPN,Cayson Acquisition Corp,0.00%,196.12 K,59.63,80.49 M USD
CAPR,"Capricor Therapeutics, Inc.",−15.49%,3.12 M,1.47,538.44 M USD
CAPS,Capstone Holding Corp.,−3.76%,34.74 K,1.27,9.29 M USD
CAPT,Captivision Inc.,−8.96%,476.89 K,0.22,39.49 M USD
CAR,"Avis Budget Group, Inc.",−2.64%,963.6 K,0.82,4.29 B USD
CARE,"Carter Bankshares, Inc.",−2.70%,101.27 K,1.01,376.1 M USD
CARG,"CarGurus, Inc.",−4.71%,681.25 K,0.89,3.04 B USD
CARM,"Carisma Therapeutics, Inc.",−17.62%,12.71 M,0.16,18.87 M USD
CARR,Carrier Global Corporation,−1.71%,3.56 M,0.81,61.07 B USD
CARS,Cars.com Inc.,−3.20%,864 K,1.38,647.73 M USD
CART,Maplebear Inc.,−1.61%,3.41 M,1.00,11.31 B USD
CARV,"Carver Bancorp, Inc.",−5.45%,14.76 K,0.66,7.97 M USD
CASH,"Pathward Financial, Inc.",−2.05%,143.04 K,0.98,1.77 B USD
CASI,"CASI Pharmaceuticals, Inc.",+2.79%,3.85 M,472.80,28.51 M USD
CASK,"Heritage Distilling Holding Company, Inc.",+1.04%,271.94 K,0.28,—
CASS,"Cass Information Systems, Inc",−3.27%,51.63 K,1.18,552.44 M USD
CASY,"Caseys General Stores, Inc.",−0.16%,457.9 K,0.71,18.79 B USD
CAT,"Caterpillar, Inc.",−1.08%,1.61 M,0.69,167.93 B USD
CATO,Cato Corporation (The),−10.15%,26.7 K,0.55,59.41 M USD
CATX,"Perspective Therapeutics, Inc.",−1.55%,815.92 K,0.40,235.3 M USD
CATY,Cathay General Bancorp,−2.96%,563.9 K,1.48,3.03 B USD
CAVA,"CAVA Group, Inc.",−4.70%,4.98 M,1.41,8.62 B USD
CB,Chubb Limited,−0.86%,964.83 K,0.59,114.92 B USD
CBAN,"Colony Bankcorp, Inc.",−2.74%,50.16 K,0.94,266.36 M USD
CBAT,"CBAK Energy Technology, Inc.",−1.63%,360.71 K,1.06,108.83 M USD
CBFV,"CB Financial Services, Inc.",−1.46%,13.53 K,1.12,141.96 M USD
CBLL,"CeriBell, Inc.",−5.01%,424.07 K,1.62,624.19 M USD
CBNA,"Chain Bridge Bancorp, Inc.",−0.16%,5.28 K,0.32,166.87 M USD
CBNK,"Capital Bancorp, Inc.",−2.65%,62.37 K,1.13,522.94 M USD
CBOE,"Cboe Global Markets, Inc.",−0.22%,723.41 K,1.00,23.65 B USD
CBRE,CBRE Group Inc,−1.88%,1.1 M,0.60,39.64 B USD
CBRL,"Cracker Barrel Old Country Store, Inc.",−5.43%,1.25 M,0.84,1.16 B USD
CBSH,"Commerce Bancshares, Inc.",−2.19%,477.57 K,0.88,8.1 B USD
CBT,Cabot Corporation,−1.98%,322.14 K,0.94,4.01 B USD
CBU,"Community Financial System, Inc.",−3.47%,170.81 K,1.12,2.91 B USD
CBUS,"Cibus, Inc.",−7.19%,708.88 K,0.69,74.4 M USD
CBZ,"CBIZ, Inc.",−0.30%,537.31 K,1.07,3.75 B USD
CC,Chemours Company (The),−4.27%,2.97 M,0.69,1.64 B USD
CCAP,"Crescent Capital BDC, Inc.",+0.68%,245.45 K,0.81,548.51 M USD
CCB,Coastal Financial Corporation,−4.04%,90.24 K,1.03,1.25 B USD
CCBG,Capital City Bank Group,−2.44%,28.03 K,0.91,626.77 M USD
CCCC,"C4 Therapeutics, Inc.",+3.70%,1.37 M,1.29,119.29 M USD
C,CCCM,+23.90%,2.16 M,—,286.22 M USD
CCCS,CCC Intelligent Solutions Holdings Inc.,−1.46%,7.07 M,0.68,5.8 B USD
CCEC,Capital Clean Energy Carriers Corp.,−0.05%,2.57 K,0.31,2.51 B USD
CCEL,"Cryo-Cell International, Inc.",−1.55%,2.41 K,0.24,41.14 M USD
CCEP,Coca-Cola Europacific Partners plc,−0.73%,1.25 M,0.61,42.78 B USD
CCG,Cheche Group Inc.,0.00%,78.06 K,0.76,63 M USD
CCIR,Cohen Circle Acquisition Corp. I,−1.57%,1.65 M,5.77,252.8 M USD
CCIX,Churchill Capital Corp IX,−0.28%,61.43 K,0.09,311.85 M USD
CCJ,Cameco Corporation,+0.79%,5.08 M,0.80,29.02 B USD
CCK,"Crown Holdings, Inc.",−1.54%,803.94 K,0.78,11.62 B USD
CCL,Carnival Corporation,−4.92%,36.88 M,1.83,29.12 B USD
CCLD,"CareCloud, Inc.",−4.17%,412.56 K,1.39,87.6 M USD
CCNE,CNB Financial Corporation,−1.71%,91.06 K,1.58,458.19 M USD
CCO,"Clear Channel Outdoor Holdings, Inc.",−5.17%,3.57 M,2.05,546.39 M USD
CCOI,"Cogent Communications Holdings, Inc.",−2.13%,889.62 K,1.14,2.32 B USD
CCRD,CoreCard Corporation,−4.17%,80.74 K,0.97,220.36 M USD
CCRN,"Cross Country Healthcare, Inc.",+0.38%,189.76 K,0.76,438.64 M USD
CCS,"Century Communities, Inc.",−3.34%,310.37 K,0.89,1.62 B USD
CCSI,"Consensus Cloud Solutions, Inc.",−3.91%,159.3 K,1.12,423.06 M USD
CCTG,CCSC Technology International Holdings Limited,+3.85%,14.09 K,2.24,12.51 M USD
CDE,"Coeur Mining, Inc.",+0.54%,11.9 M,0.70,5.92 B USD
C,CDIO,+2.78%,62.15 K,0.89,7.06 M USD
CDLX,"Cardlytics, Inc. Common Stock",−5.63%,729.95 K,1.53,79.28 M USD
CDNA,"CareDx, Inc.",−1.27%,590.4 K,0.55,1.04 B USD
CDNS,"Cadence Design Systems, Inc.",−2.55%,1.19 M,0.68,81.91 B USD
CDRE,"Cadre Holdings, Inc.",−4.84%,569.64 K,1.85,1.4 B USD
CDRO,"Codere Online Luxembourg, S.A.",+3.48%,64.66 K,1.89,353.26 M USD
CDT,Conduit Pharmaceuticals Inc.,−5.67%,219.61 K,0.24,1.76 M USD
CDTG,CDT Environmental Technology Investment Holdings Limited,+53.68%,7.36 M,29.23,17.25 M USD
CDTX,"Cidara Therapeutics, Inc.",−5.85%,239.4 K,1.12,296.23 M USD
CDW,CDW Corporation,−2.48%,1.12 M,1.01,22.44 B USD
CDXS,"Codexis, Inc.",−0.89%,720.21 K,1.04,184.74 M USD
CDZI,"Cadiz, Inc.",−1.41%,453.41 K,0.79,228.44 M USD
CE,Celanese Corporation,−3.94%,1.74 M,1.10,5.98 B USD
CECO,CECO Environmental Corp.,−0.43%,358.34 K,1.44,978.69 M USD
CEG,Constellation Energy Corporation,−1.16%,1.53 M,0.37,93.05 B USD
CELC,Celcuity Inc.,−3.58%,115.43 K,0.73,458.56 M USD
CELH,"Celsius Holdings, Inc.",−1.95%,5.08 M,0.63,10.61 B USD
CELU,Celularity Inc.,−0.57%,18.67 K,0.25,41.91 M USD
CELZ,"Creative Medical Technology Holdings, Inc.",−0.91%,37.74 K,0.46,5.64 M USD
CENN,Cenntro Inc.,−2.22%,38.98 K,0.36,29.1 M USD
CENT,Central Garden & Pet Company,−3.69%,62.48 K,0.80,1.96 B USD
CENX,Century Aluminum Company,+0.16%,1.16 M,0.55,1.78 B USD
CEP,"Cantor Equity Partners, Inc.",+4.16%,603.78 K,0.67,376.57 M USD
C,CEPO,−1.20%,132.76 K,0.52,252.35 M USD
C,CEPT,−0.13%,29.9 K,0.19,279.47 M USD
C,CERO,−7.12%,109.92 K,1.46,3.77 M USD
CERS,Cerus Corporation,−3.65%,1.01 M,0.56,252.33 M USD
CERT,"Certara, Inc.",−1.52%,2.35 M,1.33,1.79 B USD
CETX,Cemtrex Inc.,+0.98%,3.82 M,6.58,3.32 M USD
CETY,"Clean Energy Technologies, Inc.",−6.47%,490.33 K,0.92,17.1 M USD
CEVA,"CEVA, Inc.",−6.53%,199.37 K,0.72,475.7 M USD
CF,"CF Industries Holdings, Inc.",+6.50%,6.23 M,2.49,16.19 B USD
CFBK,CF Bankshares Inc.,−0.50%,8.48 K,0.82,153.84 M USD
CFFI,C&F Financial Corporation,−3.81%,10.87 K,1.71,202.49 M USD
CFFN,"Capitol Federal Financial, Inc.",−2.34%,1.29 M,1.34,775.56 M USD
CFG,"Citizens Financial Group, Inc.",−2.04%,4.46 M,0.82,17.49 B USD
CFLT,"Confluent, Inc.",−3.11%,4.45 M,0.92,8.05 B USD
CFR,"Cullen/Frost Bankers, Inc.",−2.14%,283.39 K,0.89,7.96 B USD
CFSB,"CFSB Bancorp, Inc.",0.00%,3.11 K,0.20,89.39 M USD
CG,The Carlyle Group Inc.,−3.21%,1.78 M,0.96,16.68 B USD
CGBD,"Carlyle Secured Lending, Inc.",−1.28%,347.31 K,0.90,1.01 B USD
CGBS,Crown LNG Holdings Limited,+33.93%,788.41 M,43.29,51.9 M USD
CGEM,"Cullinan Therapeutics, Inc.",−3.80%,264.28 K,0.76,508.12 M USD
CGEN,Compugen Ltd.,−1.20%,173.68 K,0.46,153.36 M USD
CGNT,Cognyte Software Ltd.,−4.88%,690.59 K,1.31,644.73 M USD
CGNX,Cognex Corporation,−1.47%,2.22 M,1.34,5.06 B USD
CGON,"CG Oncology, Inc.",−2.42%,626.38 K,0.78,1.97 B USD
CGTL,Creative Global Technology Holdings Limited,−31.15%,28.67 M,2.59,27.01 M USD
CGTX,"Cognition Therapeutics, Inc.",−3.15%,548.76 K,0.20,18.49 M USD
C,CHAC,0.00%,639,0.01,226.63 M USD
CHAR,Charlton Aria Acquisition Corporation,+0.59%,6.79 K,2.22,91.05 M USD
CHCI,"Comstock Holding Companies, Inc.",−0.50%,9.27 K,0.46,100.88 M USD
CHCO,City Holding Company,−1.65%,83.15 K,1.40,1.69 B USD
CHD,"Church & Dwight Company, Inc.",−2.01%,2.13 M,0.88,23.91 B USD
CHDN,"Churchill Downs, Incorporated",−3.53%,647.67 K,0.74,6.92 B USD
CHE,Chemed Corp,−1.23%,86.78 K,0.81,8.06 B USD
CHEB,Chenghe Acquisition II Co.,−7.08%,6.45 K,0.13,81.4 M USD
CHEF,"The Chefs' Warehouse, Inc.",−0.89%,246.4 K,0.56,2.5 B USD
CHEK,Check-Cap Ltd.,−5.25%,36.28 K,2.53,4.33 M USD
CHGG,"Chegg, Inc.",−8.16%,4.14 M,0.61,143.87 M USD
CHH,"Choice Hotels International, Inc.",−2.97%,485.99 K,1.20,5.77 B USD
CHKP,Check Point Software Technologies Ltd.,−1.80%,1.06 M,1.55,23.73 B USD
CHMG,Chemung Financial Corp,−2.58%,11.21 K,1.28,225.89 M USD
C,CHNR,−15.52%,125.98 K,0.50,4.83 M USD
CHPT,"ChargePoint Holdings, Inc.",−6.76%,15.12 M,0.57,329.76 M USD
CHR,"Cheer Holding, Inc.",−2.11%,104.03 K,5.40,16.17 M USD
CHRD,Chord Energy Corporation,+3.56%,925.92 K,1.22,6.12 B USD
CHRO,Channel Therapeutics Corporation,−8.47%,59.95 K,0.84,8.09 M USD
CHRS,"Coherus Oncology, Inc.",−3.63%,1.02 M,0.79,88.31 M USD
CHRW,"C.H. Robinson Worldwide, Inc.",−1.54%,981.52 K,0.97,11.11 B USD
CHSN,Chanson International Holding,−59.09%,15.15 M,15.55,6.14 M USD
CHTR,"Charter Communications, Inc.",−2.06%,1.31 M,1.18,107.39 B USD
CHWY,"Chewy, Inc.",+1.12%,7.21 M,0.87,17.3 B USD
CHX,ChampionX Corporation,+1.87%,3.45 M,1.17,5.11 B USD
C,CHYM,−6.25%,9.47 M,—,11.56 B USD
CI,The Cigna Group,+0.64%,1.87 M,0.99,84.79 B USD
CIA,"Citizens, Inc.",−0.28%,133.06 K,0.92,176.53 M USD
CIEN,Ciena Corporation,−2.66%,1.85 M,0.48,10.2 B USD
CIFR,Cipher Mining Inc.,−3.12%,21.62 M,0.89,1.25 B USD
CIGL,Concorde International Group Ltd,−4.23%,1.03 K,0.05,—
CIIT,"Tianci International, Inc.",−3.64%,22.98 K,0.86,39.35 M USD
CINF,Cincinnati Financial Corporation,−1.27%,440.85 K,0.87,22.88 B USD
CING,Cingulate Inc.,−4.55%,66.89 K,0.57,17.83 M USD
CINT,CI&T Inc,−2.04%,89.74 K,0.63,770.15 M USD
CION,CION Investment Corporation,−0.22%,349.92 K,1.21,476.48 M USD
CISO,"CISO Global, Inc.",−7.69%,888.26 K,0.35,30.76 M USD
CISS,C3is Inc.,+17.50%,640.22 K,72.84,3.3 M USD
CIVB,"Civista Bancshares, Inc.",−3.33%,33.84 K,1.24,342.35 M USD
CIVI,"Civitas Resources, Inc.",+6.45%,3.91 M,1.61,3.09 B USD
CIX,CompX International Inc.,−4.76%,2.39 K,0.86,286.16 M USD
CJET,"Chijet Motor Company, Inc.",−8.57%,8.09 K,2.07,49.42 M USD
CJMB,Callan JMB Inc.,0.00%,7.79 K,0.70,—
CKX,"CKX Lands, Inc.",−1.33%,1.9 K,0.21,21.37 M USD
CL,Colgate-Palmolive Company,−3.09%,5.33 M,1.10,73.15 B USD
CLAR,Clarus Corporation,−0.84%,120.05 K,1.00,136.33 M USD
CLB,Core Laboratories Inc.,+0.58%,332.24 K,0.92,565.88 M USD
CLBK,"Columbia Financial, Inc.",−2.86%,120.56 K,0.98,1.46 B USD
CLBR,Colombier Acquisition Corp. II,+2.13%,448.94 K,0.20,315.77 M USD
CLBT,Cellebrite DI Ltd.,−2.83%,1.34 M,0.83,3.78 B USD
CLDI,"Calidi Biotherapeutics, Inc.",+0.47%,379.45 K,0.47,10.97 M USD
CLDX,"Celldex Therapeutics, Inc.",+4.47%,2.82 M,2.54,1.41 B USD
CLF,Cleveland-Cliffs Inc.,−0.14%,23.99 M,0.43,3.55 B USD
CLFD,"Clearfield, Inc.",−3.38%,96.02 K,0.68,525.71 M USD
CLGN,CollPlant Biotechnologies Ltd.,−15.48%,361.9 K,2.17,17.97 M USD
CLH,"Clean Harbors, Inc.",−0.28%,249.38 K,0.82,12.16 B USD
CLIK,Click Holdings Limited,−18.15%,673.3 K,1.12,6.34 M USD
CLIR,ClearSign Technologies Corporation,−0.07%,19.68 K,0.42,31.46 M USD
CLMB,"Climb Global Solutions, Inc.",−1.01%,83.52 K,0.72,483.25 M USD
CLMT,"Calumet, Inc",+6.77%,2.46 M,3.55,1.31 B USD
CLNE,Clean Energy Fuels Corp.,+2.72%,3.03 M,1.02,417.66 M USD
CLNN,Clene Inc.,+0.49%,70.86 K,0.34,36.83 M USD
CLOV,"Clover Health Investments, Corp.",−1.54%,6.29 M,1.24,1.47 B USD
CLPS,CLPS Incorporation,−3.81%,36.28 K,5.26,25.44 M USD
CLPT,ClearPoint Neuro Inc.,−4.47%,300.87 K,0.90,326.18 M USD
CLRB,"Cellectar Biosciences, Inc.",−5.45%,2.84 M,0.04,19.04 M USD
C,CLRO,−1.03%,15.69 K,0.53,9.95 M USD
CLSD,"Clearside Biomedical, Inc.",−0.98%,187.69 K,0.31,62.17 M USD
CLSK,"CleanSpark, Inc.",−4.22%,28.08 M,1.17,2.61 B USD
CLST,"Catalyst Bancorp, Inc.",+0.61%,22.12 K,4.29,51.32 M USD
CLVT,Clarivate Plc,−1.40%,4.03 M,0.86,2.89 B USD
CLW,Clearwater Paper Corporation,−4.01%,114.69 K,0.57,447.52 M USD
CLWT,Euro Tech Holdings Company Limited,−4.10%,8.42 K,0.40,8.91 M USD
CLX,Clorox Company (The),−3.31%,1.71 M,1.15,15.17 B USD
CLYM,"Climb Bio, Inc.",−1.56%,168.44 K,0.73,85.15 M USD
CMA,Comerica Incorporated,−4.38%,1.68 M,1.32,7.23 B USD
CMBM,Cambium Networks Corporation,−7.51%,615.1 K,0.06,9.04 M USD
CMC,Commercial Metals Company,−0.55%,718.4 K,0.62,5.47 B USD
CMCL,Caledonia Mining Corporation Plc,−2.60%,167.11 K,0.94,375.48 M USD
CMCO,Columbus McKinnon Corporation,−5.29%,323.45 K,0.48,430.63 M USD
CMCSA,Comcast Corporation,−0.74%,17.19 M,0.86,130.72 B USD
CMDB,Costamare Bulkers Holdings Limited,+0.48%,127.35 K,0.83,1.25 B USD
CME,CME Group Inc.,−0.54%,1.58 M,0.61,97.12 B USD
CMG,"Chipotle Mexican Grill, Inc.",−1.28%,9.31 M,0.70,67.69 B USD
CMI,Cummins Inc.,−1.60%,554.11 K,0.82,44.02 B USD
CMND,Clearmind Medicine Inc.,+0.32%,134.22 K,0.72,4.62 M USD
CMP,Compass Minerals Intl Inc,+0.21%,346.13 K,0.53,800.78 M USD
CMPO,"CompoSecure, Inc.",−3.74%,614.8 K,0.78,1.4 B USD
CMPR,Cimpress plc,−5.08%,268.56 K,1.29,1.07 B USD
CMPX,"Compass Therapeutics, Inc.",0.00%,746.53 K,0.79,333.26 M USD
CMRE,Costamare Inc.,+0.76%,657.62 K,1.24,1.11 B USD
CMS,CMS Energy Corporation,−0.40%,1.9 M,0.65,21.1 B USD
CMT,Core Molding Technologies Inc,−1.26%,20.43 K,0.59,148.1 M USD
CMTL,Comtech Telecommunications Corp.,−6.70%,233.7 K,0.49,57.32 M USD
CNA,CNA Financial Corporation,−0.98%,335.2 K,0.94,12.35 B USD
CNC,Centene Corporation,−0.29%,3.46 M,0.84,27.48 B USD
CNCK,Coincheck Group N.V.,−5.84%,82.85 K,1.15,654.07 M USD
CNDT,Conduent Incorporated,−2.55%,1.39 M,0.74,432.09 M USD
C,CNET,−22.93%,173.22 K,0.13,2.78 M USD
C,CNEY,−4.87%,325.57 K,5.58,8.34 M USD
CNFR,"Conifer Holdings, Inc.",−0.38%,2.93 K,0.34,9.62 M USD
CNH,CNH Industrial N.V.,−1.64%,19.1 M,1.14,15.71 B USD
CNK,"Cinemark Holdings, Inc.",+0.97%,5.75 M,1.43,3.7 B USD
CNM,"Core & Main, Inc.",−1.06%,1.75 M,0.59,11.07 B USD
CNMD,CONMED Corporation,−2.58%,325.63 K,1.07,1.66 B USD
CNNE,"Cannae Holdings, Inc.",−0.61%,1.95 M,2.44,1.23 B USD
CNO,"CNO Financial Group, Inc.",−2.07%,622.23 K,1.03,3.66 B USD
CNOB,"ConnectOne Bancorp, Inc.",−3.47%,419.46 K,1.24,1.12 B USD
CNP,"CenterPoint Energy, Inc (Holding Co)",−0.11%,4.9 M,0.87,23.74 B USD
CNR,"Core Natural Resources, Inc.",+3.77%,1.42 M,1.79,3.89 B USD
CNS,Cohen & Steers Inc,−2.15%,161.38 K,0.89,3.86 B USD
CNSP,"CNS Pharmaceuticals, Inc.",−9.29%,337.12 K,1.33,4.41 M USD
CNTX,Context Therapeutics Inc.,−3.56%,171.14 K,0.30,56.46 M USD
CNTY,"Century Casinos, Inc.",+3.77%,41.18 K,0.72,67.5 M USD
CNVS,Cineverse Corp.,−1.56%,79.86 K,0.98,60.4 M USD
CNX,CNX Resources Corporation,+1.81%,1.91 M,0.83,4.73 B USD
CNXC,Concentrix Corporation,−3.20%,455.39 K,0.75,3.53 B USD
CNXN,"PC Connection, Inc.",−2.47%,76.68 K,0.81,1.6 B USD
COCH,"Envoy Medical, Inc.",−4.86%,41.17 K,1.75,29.22 M USD
COCO,"The Vita Coco Company, Inc.",−2.13%,352.22 K,0.78,1.88 B USD
COCP,"Cocrystal Pharma, Inc.",0.00%,37.73 K,1.19,15.67 M USD
CODA,"Coda Octopus Group, Inc.",+8.72%,207.44 K,4.53,86.81 M USD
CODI,D/B/A Compass Diversified Holdings Shares of Beneficial Interest,−5.51%,2.3 M,1.24,451.42 M USD
CODX,"Co-Diagnostics, Inc.",−5.22%,319.5 K,0.59,9.3 M USD
COEP,"Coeptis Therapeutics Holdings, Inc.",−0.48%,18.65 K,0.82,29.38 M USD
COF,Capital One Financial Corporation,−2.45%,3.41 M,0.87,123.44 B USD
COFS,"ChoiceOne Financial Services, Inc.",−4.44%,100.4 K,1.34,422.56 M USD
COGT,"Cogent Biosciences, Inc.",−1.94%,1.51 M,0.65,806.1 M USD
COHN,Cohen & Company Inc.,−0.29%,1.23 K,0.53,221.75 M USD
COHR,Coherent Corp.,−4.42%,2.33 M,0.94,12.03 B USD
COHU,"Cohu, Inc.",−5.23%,248.7 K,0.49,830.54 M USD
COIN,"Coinbase Global, Inc.",+0.69%,7.06 M,0.96,61.82 B USD
COKE,"Coca-Cola Consolidated, Inc.",−1.10%,410.7 K,0.64,9.47 B USD
C,COLA,0.00%,1.01 K,0.03,80.24 M USD
COLB,"Columbia Banking System, Inc.",−3.34%,2.62 M,1.32,4.75 B USD
COLL,"Collegium Pharmaceutical, Inc.",−1.42%,227.49 K,0.84,937.91 M USD
COLM,Columbia Sportswear Company,−4.41%,535.39 K,0.83,3.26 B USD
COMM,"CommScope Holding Company, Inc.",−8.21%,4.36 M,0.96,1.26 B USD
COMP,"Compass, Inc.",−2.81%,4.57 M,0.70,3.31 B USD
CON,"Concentra Group Holdings Parent, Inc.",−1.56%,546.98 K,1.05,2.75 B USD
COO,"The Cooper Companies, Inc.",−1.66%,1.57 M,0.41,13.91 B USD
COOK,"Traeger, Inc.",−4.26%,494.5 K,0.40,244.24 M USD
COOP,Mr. Cooper Group Inc.,−2.35%,529.61 K,0.54,9.16 B USD
COOT,Australian Oilseeds Holdings Limited,−2.56%,1.2 K,0.09,21.2 M USD
COP,ConocoPhillips,+2.40%,16.85 M,1.97,122.4 B USD
C,COPL,+0.10%,26.76 K,—,179.84 M USD
COR,"Cencora, Inc.",+0.17%,967.01 K,0.66,57.28 B USD
CORT,Corcept Therapeutics Incorporated,−1.57%,1.01 M,0.57,7.43 B USD
CORZ,"Core Scientific, Inc.",−2.06%,5.61 M,0.47,3.54 B USD
COSM,Cosmos Health Inc.,−5.57%,98.19 K,0.41,13.19 M USD
COST,Costco Wholesale Corporation,−1.25%,1.79 M,0.74,439.14 B USD
COTY,Coty Inc.,−5.96%,9.81 M,1.29,4.13 B USD
COUR,"Coursera, Inc.",−2.35%,1.24 M,0.76,1.34 B USD
COYA,"Coya Therapeutics, Inc.",+4.84%,66.8 K,1.47,94.16 M USD
CPA,"Copa Holdings, S.A.",−2.94%,373.92 K,0.98,4.27 B USD
CPAY,"Corpay, Inc.",−7.66%,752.94 K,1.43,22.79 B USD
CPB,The Campbell's Company,−1.59%,4.84 M,0.87,9.78 B USD
CPBI,"Central Plains Bancshares, Inc.",+0.03%,530,0.08,63.33 M USD
CPF,Central Pacific Financial Corp New,−2.83%,298.05 K,1.54,714.05 M USD
CPHC,Canterbury Park Holding Corporation,−0.87%,832,0.40,86.03 M USD
CPHI,"China Pharma Holdings, Inc.",+2.52%,14.07 K,0.22,5.32 M USD
CPIX,Cumberland Pharmaceuticals Inc.,−10.58%,56.12 K,1.78,78.4 M USD
CPK,Chesapeake Utilities Corporation,−1.43%,101.46 K,1.21,2.79 B USD
CPNG,"Coupang, Inc.",−0.74%,7.56 M,0.96,51.02 B USD
CPOP,"Pop Culture Group Co., Ltd",−3.51%,31.2 K,1.74,8.22 M USD
CPRI,Capri Holdings Limited,−7.29%,2.62 M,0.95,1.95 B USD
